{
  "BND": [
    40.05192,
    -88.37309,
    230
  ],
  "TBL": [
    40.12498,
    -105.2368,
    1689
  ],
  "DRA": [
    36.62373,
    -116.01947,
    1007
  ],
  "FPK": [
    48.30783,
    -105.1017,
    634
  ],
  "GWN": [
    34.2547,
    -89.8729,
    98
  ],
  "PSU": [
    40.72012,
    -77.93085,
    376
  ],
  "SXF": [
    43.73403,
    -96.62328,
    473
  ]
}