{"_step": 9, "Valid_Loss": 421028.0625, "Train_Loss": 20727.39453125, "Epoch": 9, "_timestamp": 1582009604.0680895, "_runtime": 939.8462567329407}
