{"_step": 2, "_timestamp": 1582008382.3217134, "Train_Loss": 0.0, "Epoch": 2, "Valid_Loss": 118640.5390625, "_runtime": 386.9455814361572}
